{
	"$schema": "https://schemas.wp.org/trunk/theme.json",
	"customTemplates": [
		{
			"name": "blank",
			"postTypes": [
				"page",
				"post"
			],
			"title": "Blank"
		},
		{
			"name": "header-footer-only",
			"postTypes": [
				"page",
				"post"
			],
			"title": "Header and Footer Only"
		},
		{
			"name": "footer-only",
			"postTypes": [
				"page",
				"post"
			],
			"title": "Footer Only"
		}
	],
	"settings": {
		"appearanceTools": true,
		"color": {
			"palette": [
				{
					"color": "#000000",
					"name": "Foreground",
					"slug": "foreground"
				},
				{
					"color": "#ffffff",
					"name": "Background",
					"slug": "background"
				},
				{
					"color": "#761028",
					"name": "Primary",
					"slug": "primary"
				},
				{
					"color": "#F4ECEC",
					"name": "Tertiary",
					"slug": "tertiary"
				}
			]
		},
		"custom": {
			"gap": {
				"horizontal": "min(20px, 4vw)",
				"vertical": "min(24px, 4vw)"
			},
			"spacing": {
				"outer": "clamp(20px, 4vw, 90px)"
			}
		},
		"layout": {
			"contentSize": "620px",
			"wideSize": "980px"
		},
		"spacing": {
			"units": [
				"%",
				"px",
				"em",
				"rem",
				"vh",
				"vw"
			]
		},
		"typography": {
			"customFontSize": true,
			"fontFamilies": [
				{
					"fontFace": [
						{
							"fontDisplay": "block",
							"fontFamily": "Petrona",
							"fontStretch": "normal",
							"fontStyle": "normal",
							"fontWeight": "300 700",
							"src": [
								"file:./assets/fonts/Petrona.ttf"
							]
						},
						{
							"fontDisplay": "block",
							"fontFamily": "Petrona",
							"fontStretch": "normal",
							"fontStyle": "italic",
							"fontWeight": "300 700",
							"src": [
								"file:./assets/fonts/Petrona-Italic.ttf"
							]
						}
					],
					"fontFamily": "Petrona, serif",
					"name": "Petrona",
					"slug": "petrona"
				},
				{
					"fontFace": [
						{
							"fontDisplay": "regular",
							"fontFamily": "'Work Sans'",
							"fontStretch": "normal",
							"fontStyle": "normal",
							"fontWeight": "400",
							"src": [
								"file:./assets/fonts/WorkSans.ttf"
							]
						},
						{
							"fontDisplay": "block",
							"fontFamily": "'Work Sans'",
							"fontStretch": "normal",
							"fontStyle": "normal",
							"fontWeight": "900",
							"src": [
								"file:./assets/fonts/WorkSans.ttf"
							]
						},
						{
							"fontDisplay": "regular",
							"fontFamily": "'Work Sans'",
							"fontStretch": "normal",
							"fontStyle": "italic",
							"fontWeight": "400",
							"src": [
								"file:./assets/fonts/WorkSans-Italic.ttf"
							]
						},
						{
							"fontDisplay": "block",
							"fontFamily": "'Work Sans'",
							"fontStretch": "normal",
							"fontStyle": "italic",
							"fontWeight": "900",
							"src": [
								"file:./assets/fonts/WorkSans-Italic.ttf"
							]
						}
					],
					"fontFamily": "'Work Sans', sans-serif",
					"name": "Work Sans",
					"slug": "work-sans"
				}
			],
			"fontSizes": [
				{
					"name": "Small",
					"size": "1rem",
					"slug": "small"
				},
				{
					"name": "Medium",
					"size": "1.125rem",
					"slug": "medium"
				},
				{
					"name": "Large",
					"size": "1.25rem",
					"slug": "large"
				},
				{
					"name": "Extra Large",
					"size": "2rem",
					"slug": "x-large"
				}
			]
		}
	},
	"styles": {
		"blocks": {
			"core/button": {
				"border": {
					"radius": "0"
				},
				"color": {
					"background": "var(--wp--preset--color--background)",
					"text": "var(--wp--preset--color--foreground)"
				},
				"spacing": {
					"padding": "0"
				},
				"typography": {
					"fontFamily": "var(--wp--preset--font-family--work-sans)",
					"fontSize": "1.375rem",
					"fontWeight": "900",
					"lineHeight": "1"
				}
			},
			"core/code": {
				"border": {
					"color": "#CCCCCC",
					"radius": "0px",
					"style": "solid",
					"width": "2px"
				},
				"spacing": {
					"padding": {
						"bottom": "var(--wp--custom--gap--vertical)",
						"left": "var(--wp--custom--gap--horizontal)",
						"right": "var(--wp--custom--gap--horizontal)",
						"top": "var(--wp--custom--gap--vertical)"
					}
				},
				"typography": {
					"fontFamily": "monospace"
				}
			},
			"core/file": {
				"elements": {
					"button": {
						"border": {
							"width": "0"
						}
					}
				}
			},
			"core/gallery": {
				"spacing": {
					"margin": {
						"bottom": "var(--wp--custom--gap--vertical)"
					}
				}
			},
			"core/heading": {
				"typography": {
					"letterSpacing": "-0.02em"
				}
			},
			"core/list": {
				"spacing": {
					"padding": {
						"left": "calc( 2 * var(--wp--custom--gap--horizontal) )"
					}
				}
			},
			"core/navigation": {
				"elements": {
					"link": {
						":active": {
							"typography": {
								"textDecoration": "underline"
							}
						},
						":focus": {
							"typography": {
								"textDecoration": "underline"
							}
						},
						":hover": {
							"typography": {
								"textDecoration": "underline"
							}
						}
					}
				},
				"typography": {
					"fontSize": "var(--wp--preset--font-size--medium)"
				}
			},
			"core/post-comments-form": {
				"elements": {
					"button": {
						"border": {
							"width": 0
						},
						"spacing": {
							"padding": {
								"left": 0,
								"right": 0
							}
						}
					}
				}
			},
			"core/post-date": {
				"color": {
					"text": "var(--wp--preset--color--foreground)"
				},
				"elements": {
					"link": {
						"color": {
							"text": "var(--wp--preset--color--foreground)"
						},
						"typography": {
							"textDecoration": "none"
						}
					}
				},
				"typography": {
					"fontSize": "var(--wp--preset--font-size--small)"
				}
			},
			"core/post-excerpt": {
				"elements": {
					"link": {
						":hover": {
							"typography": {
								"textDecoration": "underline"
							}
						},
						"color": {
							"text": "var(--wp--preset--color--foreground)"
						},
						"typography": {
							"fontFamily": "var(--wp--preset--font-family--work-sans)",
							"fontSize": "1.375rem",
							"fontWeight": "900",
							"letterSpacing": "-0.44px",
							"textDecoration": "none",
							"textTransform": "uppercase"
						}
					}
				}
			},
			"core/post-featured-image": {
				"spacing": {
					"padding": {
						"bottom": "1rem"
					}
				}
			},
			"core/post-navigation-link": {
				"elements": {
					"link": {
						":active": {
							"typography": {
								"textDecoration": "underline"
							}
						},
						":focus": {
							"typography": {
								"textDecoration": "underline"
							}
						},
						":hover": {
							"typography": {
								"textDecoration": "underline"
							}
						},
						"typography": {
							"textDecoration": "none"
						}
					}
				}
			},
			"core/post-terms": {
				"elements": {
					"link": {
						":active": {
							"typography": {
								"textDecoration": "underline"
							}
						},
						":focus": {
							"typography": {
								"textDecoration": "underline"
							}
						},
						":hover": {
							"typography": {
								"textDecoration": "underline"
							}
						},
						"color": {
							"text": "inherit"
						},
						"typography": {
							"fontWeight": "700",
							"letterSpacing": "-0.03em",
							"lineHeight": "0.8",
							"textDecoration": "none"
						}
					}
				}
			},
			"core/post-title": {
				"color": {
					"text": "var(--wp--preset--color--foreground)"
				},
				"elements": {
					"link": {
						":hover": {
							"color": {
								"text": "var(--wp--preset--color--primary)"
							},
							"typography": {
								"textDecoration": "underline"
							}
						},
						"color": {
							"text": "var(--wp--preset--color--foreground)"
						},
						"typography": {
							"textDecoration": "none"
						}
					}
				},
				"spacing": {
					"margin": {
						"bottom": "0"
					}
				},
				"typography": {
					"fontFamily": "var(--wp--preset--font-family--work-sans)",
					"letterSpacing": "-0.02em",
					"lineHeight": "1.125",
					"textDecoration": "none"
				}
			},
			"core/pullquote": {
				"border": {
					"style": "solid",
					"width": "1px 0"
				},
				"spacing": {
					"padding": {
						"bottom": "var(--wp--custom--gap--horizontal)",
						"left": "var(--wp--custom--gap--horizontal)",
						"right": "var(--wp--custom--gap--horizontal)",
						"top": "var(--wp--custom--gap--horizontal)"
					}
				},
				"typography": {
					"fontSize": "var(--wp--preset--font-size--large)",
					"fontStyle": "italic"
				}
			},
			"core/query-pagination": {
				"elements": {
					"link": {
						"color": {
							"text": "var(--wp--preset--color--foreground)"
						}
					}
				},
				"typography": {
					"fontFamily": "var(--wp--preset--font-family--work-sans)",
					"fontSize": "clamp(1.125rem, 4vw, 1.375rem)",
					"fontWeight": "900",
					"letterSpacing": "-0.02rem"
				}
			},
			"core/query-pagination-next": {
				"typography": {
					"textDecoration": "none",
					"textTransform": "uppercase"
				}
			},
			"core/query-pagination-numbers": {
				"elements": {
					"link": {
						"typography": {
							"textDecoration": "none"
						}
					}
				}
			},
			"core/query-pagination-previous": {
				"typography": {
					"textDecoration": "none",
					"textTransform": "uppercase"
				}
			},
			"core/quote": {
				"border": {
					"color": "var(--wp--preset--color--primary)",
					"style": "solid",
					"width": "0 0 0 1px"
				},
				"spacing": {
					"padding": {
						"left": "var(--wp--custom--gap--horizontal)"
					}
				},
				"typography": {
					"fontSize": "var(--wp--preset--font-size--medium)",
					"fontStyle": "normal"
				}
			},
			"core/search": {
				"elements": {
					"button": {
						"spacing": {
							"margin": {
								"left": "0"
							}
						}
					}
				},
				"typography": {
					"fontSize": "var(--wp--preset--font-size--medium)",
					"lineHeight": "1.6"
				}
			},
			"core/separator": {
				"border": {
					"color": "currentColor",
					"style": "solid",
					"width": "0 0 1px 0"
				},
				"color": {
					"text": "var(--wp--preset--color--foreground)"
				}
			},
			"core/site-tagline": {
				"typography": {
					"fontSize": "0.825rem"
				}
			},
			"core/site-title": {
				"elements": {
					"link": {
						":active": {
							"color": {
								"background": "var(--wp--preset--color--tertiary)"
							},
							"typography": {
								"textDecoration": "underline"
							}
						},
						":hover": {
							"typography": {
								"textDecoration": "underline"
							}
						},
						"typography": {
							"textDecoration": "none"
						}
					}
				},
				"typography": {
					"fontSize": "var(--wp--preset--font-size--medium)",
					"fontWeight": "900"
				}
			}
		},
		"color": {
			"background": "var(--wp--preset--color--background)",
			"text": "var(--wp--preset--color--foreground)"
		},
		"elements": {
			"button": {
				"border": {
					"color": "var(--wp--preset--color--primary)",
					"radius": "0",
					"width": "1px"
				},
				"color": {
					"background": "var(--wp--preset--color--primary)",
					"text": "var(--wp--preset--color--background)"
				},
				"spacing": {
					"padding": "calc(0.667em + 2px) calc(1.333em + 2px)"
				},
				"typography": {
					"fontFamily": "var(--wp--preset--font-family--work-sans)",
					"fontSize": "1.375rem",
					"fontWeight": "900",
					"lineHeight": "1"
				}
			},
			"h1": {
				"typography": {
					"fontFamily": "var(--wp--preset--font-family--work-sans)",
					"fontSize": "clamp(3.375rem, 10vw, 5.875rem)",
					"fontWeight": "900",
					"letterSpacing": "-0.02em",
					"lineHeight": "1"
				}
			},
			"h2": {
				"typography": {
					"fontFamily": "var(--wp--preset--font-family--work-sans)",
					"fontSize": "clamp(2rem, 8.5vw, 2.75rem)",
					"fontWeight": "900",
					"letterSpacing": "-0.02em",
					"lineHeight": "1"
				}
			},
			"h3": {
				"typography": {
					"fontFamily": "var(--wp--preset--font-family--petrona)",
					"fontSize": "clamp(1.5rem, 6vw, 2rem)",
					"fontWeight": "300",
					"lineHeight": "1.2"
				}
			},
			"h4": {
				"typography": {
					"fontFamily": "var(--wp--preset--font-family--petrona)",
					"fontSize": "clamp(1.375rem, 5vw, 1.75rem)",
					"fontWeight": "700",
					"lineHeight": "1.1"
				}
			},
			"h5": {
				"typography": {
					"fontFamily": "var(--wp--preset--font-family--work-sans)",
					"fontSize": "1.375rem",
					"fontWeight": "900",
					"letterSpacing": "-0.02em",
					"lineHeight": "1.2",
					"textTransform": "uppercase"
				}
			},
			"h6": {
				"typography": {
					"fontFamily": "var(--wp--preset--font-family--petrona)",
					"fontSize": "var(--wp--preset--font-size--medium)",
					"fontWeight": "700",
					"lineHeight": "1.3"
				}
			},
			"link": {
				":active": {
					"color": {
						"background": "var(--wp--preset--color--tertiary)"
					},
					"typography": {
						"textDecoration": "none"
					}
				},
				":focus": {
					"typography": {
						"textDecoration": "underline"
					}
				},
				":hover": {
					"typography": {
						"textDecoration": "none"
					}
				},
				"color": {
					"text": "var(--wp--preset--color--primary)"
				},
				"typography": {
					"textDecoration": "underline"
				}
			}
		},
		"spacing": {
			"blockGap": "var(--wp--custom--gap--vertical)"
		},
		"typography": {
			"fontFamily": "var(--wp--preset--font-family--petrona)",
			"fontSize": "var(--wp--preset--font-size--medium)",
			"lineHeight": "1.6"
		}
	},
	"templateParts": [
		{
			"area": "header",
			"name": "header"
		},
		{
			"area": "footer",
			"name": "footer"
		}
	],
	"version": 2
}